"Scenario","Model","Accuracy","ROC_AUC","AUC_lo","AUC_hi","PR_AUC","Sens_fail","Spec_fail","PPV","NPV","F1","Brier"
"PRE clinical only","Parsimonious logistic",0.56,0.678,0.669,0.686,0.286,0.806,0.515,0.236,0.937,0.363,0.125
"PRE clinical only","LASSO",0.598,0.665,0.64,0.684,0.271,0.727,0.574,0.241,0.922,0.36,0.126
"PRE clinical only","Random Forest",0.589,0.647,0.615,0.668,0.266,0.751,0.559,0.239,0.925,0.362,0.128
"PRE clinical only","XGBoost",0.65,0.56,0.534,0.578,0.172,0.677,0.645,0.259,0.916,0.375,0.127
"PRE clinical only","SuperLearner",0.655,0.648,0.548,0.74,0.289,0.645,0.657,0.256,0.91,0.367,0.125
"PRE clinical + blood count","Parsimonious logistic",0.726,0.744,0.731,0.751,0.313,0.716,0.727,0.331,0.934,0.45,0.122
"PRE clinical + blood count","LASSO",0.707,0.736,0.715,0.751,0.313,0.733,0.702,0.318,0.936,0.44,0.122
"PRE clinical + blood count","Random Forest",0.607,0.692,0.647,0.721,0.264,0.77,0.578,0.255,0.935,0.38,0.127
"PRE clinical + blood count","XGBoost",0.655,0.715,0.687,0.736,0.257,0.781,0.632,0.285,0.942,0.415,0.123
"PRE clinical + blood count","SuperLearner",0.67,0.724,0.64,0.804,0.28,0.71,0.663,0.278,0.926,0.4,0.122
"EoTx clinical only","Parsimonious logistic",0.605,0.62,0.593,0.64,0.215,0.705,0.585,0.252,0.911,0.37,0.142
"EoTx clinical only","LASSO",0.571,0.616,0.593,0.655,0.209,0.731,0.54,0.241,0.914,0.36,0.14
"EoTx clinical only","Random Forest",0.613,0.633,0.609,0.65,0.213,0.698,0.596,0.255,0.911,0.372,0.139
"EoTx clinical only","XGBoost",0.627,0.564,0.545,0.588,0.179,0.674,0.618,0.257,0.906,0.372,0.134
"EoTx clinical only","SuperLearner",0.538,0.557,0.446,0.668,0.175,0.714,0.503,0.22,0.9,0.336,0.142
"EoTx clinical + blood count","Parsimonious logistic",0.62,0.671,0.646,0.694,0.292,0.719,0.6,0.262,0.917,0.383,0.135
"EoTx clinical + blood count","LASSO",0.619,0.672,0.656,0.694,0.296,0.724,0.598,0.263,0.918,0.384,0.133
"EoTx clinical + blood count","Random Forest",0.664,0.656,0.623,0.677,0.328,0.598,0.677,0.283,0.898,0.373,0.132
"EoTx clinical + blood count","XGBoost",0.697,0.656,0.616,0.675,0.274,0.59,0.717,0.294,0.9,0.391,0.13
"EoTx clinical + blood count","SuperLearner",0.415,0.672,0.566,0.768,0.314,0.964,0.308,0.214,0.978,0.351,0.13
"Combined PRE+EoTx blood count","Parsimonious logistic",0.689,0.683,0.655,0.707,0.314,0.667,0.693,0.301,0.914,0.413,0.134
"Combined PRE+EoTx blood count","LASSO",0.708,0.695,0.675,0.728,0.324,0.64,0.721,0.313,0.912,0.418,0.13
"Combined PRE+EoTx blood count","Random Forest",0.734,0.671,0.652,0.692,0.381,0.571,0.766,0.332,0.902,0.414,0.126
"Combined PRE+EoTx blood count","XGBoost",0.747,0.674,0.634,0.696,0.318,0.555,0.784,0.354,0.9,0.422,0.128
"Combined PRE+EoTx blood count","SuperLearner",0.825,0.689,0.581,0.796,0.319,0.429,0.902,0.462,0.89,0.444,0.128
