"Treatment","Score","Pred_failure"
"Glucantime",0,0.005
"Glucantime",1,0.01
"Glucantime",2,0.02
"Glucantime",3,0.041
"Glucantime",4,0.081
"Glucantime",5,0.155
"Glucantime",6,0.277
"Glucantime",7,0.443
"Glucantime",8,0.623
"Glucantime",9,0.775
"Glucantime",10,0.877
"Miltefosine",0,0.004
"Miltefosine",1,0.009
"Miltefosine",2,0.018
"Miltefosine",3,0.038
"Miltefosine",4,0.075
"Miltefosine",5,0.144
"Miltefosine",6,0.26
"Miltefosine",7,0.422
"Miltefosine",8,0.603
"Miltefosine",9,0.759
"Miltefosine",10,0.868
