Clinical and sociodemographic variables,OR,95% CI,RR (95% CI),p-value
Age,0.67,"0.44, 1.01",0.71 (0.52-0.98),0.053
Sex,,,,
Female,—,—,1.00 (ref),
Male,4.50,"1.02, 19.9",3.85 (0.96-15.50),0.047
Ethnicity,,,,
Afro-Colombian,—,—,1.00 (ref),
Indigenous,0.76,"0.16, 3.68",0.79 (0.21-3.03),0.732
Mestizo,0.56,"0.23, 1.41",0.61 (0.28-1.35),0.219
Time of lesion evolution,,,,
4 weeks or less,—,—,1.00 (ref),
More than 4 weeks,0.59,"0.25, 1.39",0.65 (0.32-1.31),0.230
Body mass index,0.72,"0.48, 1.06",0.76 (0.58-0.99),0.095
Number of lesions,,,,
One lesion,—,—,1.00 (ref),
Three or more lesions,0.92,"0.35, 2.44",0.93 (0.41-2.14),0.868
Two lesions,1.28,"0.51, 3.19",1.23 (0.58-2.61),0.595
Lesion type (baseline),,,,
Non-ulcerated lesion,—,—,1.00 (ref),
Ulcer,0.63,"0.23, 1.71",0.68 (0.31-1.52),0.362
Regional lymphadenopathy,,,,
No,—,—,1.00 (ref),
Yes,1.96,"0.81, 4.71",1.73 (0.87-3.46),0.133
Concomitant infection (pre-Tx),,,,
No,—,—,1.00 (ref),
Yes,4.42,"0.93, 21.0",2.95 (1.18-7.42),0.062
Comorbidities,,,,
No,—,—,1.00 (ref),
Yes,1.39,"0.28, 6.94",1.31 (0.36-4.73),0.688
Leishmania species,,,,
L. braziliensis,—,—,1.00 (ref),
L. panamensis and other L. viannia spp,0.35,"0.12, 1.04",0.44 (0.21-0.96),0.059
Not isolated/Unknown,0.24,"0.06, 0.93",0.32 (0.11-0.92),0.038
Treatment,,,,
Glucantime,—,—,1.00 (ref),
Miltefosine,0.62,"0.26, 1.47",0.66 (0.31-1.40),0.273
Medication dose range,,,,
Normal range,—,—,1.00 (ref),
Overdose,1.50,"0.51, 4.39",1.39 (0.59-3.28),0.460
Underdose,0.00,"0.00, Inf",Not estimable*,0.989
